district,160001,160002,160003,160004,160005,160006,160007,160008,160009,160010,160011,160012,160013,160014,160015,160016,160017,160018,160019,160020,160021,160022,160023,160024,160025,160026,160027,160028,160029,160030
Cusco,0.4551393683399444,11.452202102257239,10.408142842405224,4.431271231556818,0.9689407810248378,17.105421817277037,0.6671612842957194,19.306390734290353,35.66288568085537,10.403653190593957,30.104902589148583,27.625944480583737,50.62038627649505,59.04188452084805,15.268256099062356,30.952065521364784,22.140826766652342,17.07549837516319,18.282315238689666,46.79789850912353,17.50281796759757,21.48406975114859,79.22485595554201,28.04031906689566,15.95949674542094,22.28984944766436,71.95614002951365,28.44338232674164,42.4600496284839,24.889045570888698
Ccorca,11.423808885832056,0.06752517669474467,19.475645301505228,14.51841490036737,10.553751227796548,25.125720444146697,11.981079719803004,16.405769959074995,29.673210496522078,12.111615519526985,19.255427068162973,24.872065790333508,43.12088338267605,51.259877383896416,13.065305251407338,25.62636407028985,31.380820009697143,28.134173457531908,28.75791966335345,53.555406365345746,29.02063994822299,31.980073605150597,86.05340620114521,31.61232017868204,21.050000423287074,27.435334998630417,69.57557881932128,30.007114321612733,42.47208159476946,29.45926182304447
Poroy,7.421229467611171,10.11954985078172,18.24613928872993,12.27661957923757,7.497157347492765,24.958965860817415,8.507462694123555,11.45831398884989,27.942361419951897,2.783982781926916,25.08143835579567,19.8037621919476,43.10346947561557,51.55971865683085,7.442402636547016,23.180995382660804,21.5522149671386,19.912390272414804,19.773761596239066,43.48983101222803,22.564476781715094,28.572265934530268,76.02313735436198,22.316440994380255,11.02156041143241,17.527416203625947,64.35507554904481,21.709971923525636,35.33221881701988,19.7512607590327
San Jerónimo,10.868615271404876,19.43220411974152,0.04307836452873104,6.014106432765514,10.959835019802686,6.712295452633518,9.78450641282686,29.742322323491038,46.083068848854296,20.73555924308135,38.750838321005666,37.97192562991808,60.915844993078835,69.30368801853496,25.711698003317167,41.390649349121496,26.023995850680215,17.70846017084095,20.43439019145674,52.00490170844688,14.209658039276746,12.78500158726687,83.67100143119937,36.454238423825615,24.58341678246764,30.19111181700832,81.92107936174999,37.74638575201557,51.95829644765614,32.936654239918575
San Sebastián,4.894690450862585,14.465327340884267,5.939890484107157,0.043079610670966766,5.015979947138155,12.645932319178803,3.8092157936913558,23.7713114200761,40.11664913220787,14.80910465891708,33.659819660765365,32.04875829416849,55.0120823399419,63.41815854892518,19.73636087998002,35.41595800876228,23.3452138862836,16.595359313241932,18.558448836293636,48.84984306002452,15.35992698799072,17.548225329843486,81.02275512953034,31.51149791909846,19.450493904479323,25.468851569722414,76.2135925395987,32.35347601207557,46.48788122168862,28.1613998564722
Santiago,1.0714819517406007,10.448952730698807,10.912684900312753,4.97665243195238,0.061774959246933936,17.538387592946727,1.499006048688668,18.91142150306264,35.13832631876499,10.181628966693603,29.17691219865953,27.32858743699887,50.00260698193814,58.409272412591115,14.85310650729222,30.462148694762238,22.957560376274014,18.063337551938048,19.21585310672194,47.430461194676546,18.50581590424908,22.293527073183995,79.890934079234,28.317842948973023,16.275801344636033,22.68296156095655,71.80978888040548,28.53445792995407,42.47244840203998,25.24362742791744
Saylla,17.491673082880695,25.001844913515633,6.711247476432553,12.639378881593593,17.506816146568035,0.06752849033875624,16.40540457134049,36.364575567873224,52.60167709921136,27.396211997477607,44.126085507202205,44.63565783768687,67.27632190759202,75.62338001765382,32.32052939593288,47.94802045390857,30.933394182849998,21.853416956688267,24.977940444434168,56.89110380144148,16.764040664597772,10.444508177315559,87.9434749527555,42.729894068057774,31.021625412758258,36.37726603548567,88.54991601682337,44.2588791611223,58.490019279590754,39.13392220728825
Wanchaq,1.534175831983564,12.163285862528378,9.300433976300154,3.3241565679492857,1.823840353062443,16.003633765399293,0.44790730446663884,20.41009631188908,36.77138112218372,11.479792099916873,31.002061009246255,28.711541754243846,51.71903574657505,60.13773300990211,16.374536090877484,32.06105700431977,22.302274645103697,16.78711791269119,18.187919770653853,47.220095657989326,16.835166639330726,20.46093477608956,79.59416367616792,28.835115849907137,16.74126663891942,22.99315478785635,72.98983758155416,29.366793849882527,43.4228991089553,25.623217657702494
Acomayo,55.05391479812048,55.02775864488389,47.00327398941205,51.24201116071352,54.472825904140386,41.86684046203513,54.16243902326951,71.15281107386896,84.14375383536643,64.06024415625043,67.476633439768,79.79622986486356,95.52435546481105,102.75156628441417,67.36642125436639,80.48802969978516,72.73328015199948,63.70968772585961,66.83068254467233,98.73028847397816,58.294056470123934,49.0982074347611,129.6727558186362,82.62862543444388,70.53396887458473,76.66751955551803,124.62328530203007,82.90186635125688,96.5877353529226,79.35075750574016
Acopia,79.86643284401238,80.57474270827755,70.97021448659099,75.75067165461567,79.36679704429106,65.12765678239641,78.9176974561887,96.57755454263388,109.77704300868082,89.18791620892512,92.92259295378825,105.24912279187262,121.04526680291664,128.15300397608877,92.73064210141263,106.09628712691168,95.90837378548586,86.5557964339551,89.8376349134943,121.61734338902716,80.6117574997134,70.50907460689209,151.3720387921699,107.21007904380062,95.15778897256901,101.06345809453063,150.1356980164942,107.85254285597124,121.72968478220928,103.79180265026935
Acos,54.92391648391289,53.486958531183106,47.913267567738366,51.53063182061845,54.24367717649586,43.48820749947086,54.11723043444027,69.84960463696854,81.88332323866504,63.38077944158236,64.2792450271267,78.37432795097239,92.46917472579565,99.40750476229675,66.22698318477077,78.49723569839814,73.8903819846353,65.19790517838162,68.17048317123282,99.8788500393797,60.19777953655992,51.69369329559174,131.36244276708993,82.5051154005664,70.45734670145279,76.77929317549803,122.90047895213398,82.33835265789136,95.6843983998497,79.39656490779309
Mosoc Llacta,86.6090332679588,86.86987957488024,77.91891822031174,82.58226227335936,86.07917627899577,72.17926993252864,85.67885213688744,103.0046143843175,115.8273900735106,95.80643182424159,98.49879519490376,111.65031318933336,126.68517393580306,133.61525652961134,99.206553027187,112.26472917805539,103.02028282111966,93.69747300142058,96.96437491797117,128.78324784814993,87.79855679787413,77.74719053400152,158.64425707644804,114.0507739291441,101.97688865756889,107.95228164017173,156.46786437211588,114.56206972942644,128.35335975730362,110.67057281389665
Pomacanchi,72.28464628899877,72.32504105479563,63.879869106034576,68.36021221275575,71.72776050050214,58.37311727861657,71.37369109203168,88.4849448122364,101.28445445537184,81.37694101435396,84.10291669052951,97.1218767024466,112.26668165032372,119.28538346593399,84.70427633109102,97.71176895711602,89.30129601377332,80.09093562329221,83.30191060404957,115.20423828644584,74.37935956840347,64.62871563701374,145.59422954995168,99.80687021442492,87.71738729512522,93.77532443956365,141.92233171435964,100.18788550132757,113.91338704095013,96.47750590407587
Rondocán,36.218518503028974,36.92724648466504,28.385980913487867,32.41670237599341,35.650601695642976,23.827624997678225,35.32157333609082,52.723422598363975,66.49430407187609,45.33526569929673,51.41701032533261,61.40776684409965,78.84633715846842,86.48336442004569,48.85161844811035,62.57704988414434,54.309983372001874,45.53956860787353,48.53730260603477,80.31920783078812,40.55386894781092,32.40131373107347,111.70023921560086,63.78596670887276,51.69131688889272,57.836379272557814,106.3249689618151,64.11049375501729,77.88328732643693,60.51420481796461
Sangarara,62.828616945590404,63.600018514929566,54.100736335774684,58.76183392903182,62.31832360119314,48.44284476808945,61.88770914151512,79.53840596379645,92.93750691007806,72.12370791689096,76.57485781877479,88.2161412258088,104.56559035328269,111.85615373814322,75.6792116797034,89.17753254121797,79.34526214203083,70.09017981180824,73.32187010614209,105.2044545614245,64.32543006585128,54.528088696887764,135.49947178792988,90.23030670143682,78.16208849600434,84.12398203436649,133.118850874301,90.80598366175846,104.66688066643538,86.8430645152737
Anta,19.258888336013033,17.0508496279001,30.077411437545404,24.112961856734806,19.300036588314846,36.79662136361066,20.345157816668895,0.6732119550223404,16.521783224072717,9.467107861176105,21.006741956330707,8.154967648655726,32.05110851829913,40.520138215063284,4.530498449026626,11.658647637841394,25.730220839453388,28.11165275241707,26.6903980326979,40.992928971088965,32.40602977570455,39.82205659888786,72.62265548453112,17.299925032256976,12.461997550284465,16.026821212538884,53.063817931136064,14.049962707398208,25.460845328818394,16.734875129221923
Ancahuasi,35.315326721847505,29.764114170489044,46.10596964649924,40.13984605729151,35.18366655760647,52.71104068313476,36.388033408345606,16.776826568788614,0.060078862426732604,25.915664540394914,20.414407079311122,11.077292356802745,15.57671555768237,24.00797832832451,20.597312195366644,4.931228967542141,40.29957467752537,44.2514200548334,42.44262656702617,48.21867083748104,48.89535822594334,56.36458901557107,76.62554882944858,26.285979276911622,27.80752293467642,28.745988906084243,41.573530526193586,21.020612184449075,22.448686862329964,27.99188524610511
Cachimayo,10.539004588511643,11.912722915365435,21.320551102581884,15.374673693317995,10.678201264274847,28.056130426641126,11.622551947361078,8.468258562970641,25.125948922234034,0.7814314496689312,24.26621055894261,16.64379442171817,40.459917057915625,48.93178952838716,4.627313908817834,20.31035772540202,21.301621768203294,21.089953823488603,20.443832304414638,41.72806647494402,24.47506175751075,31.198517328389798,74.17489050184415,19.77409678548342,9.330495583636809,15.542095467532693,61.151692758316194,18.757329838316476,32.212730807418204,17.52122846040964
Chinchaypujio,30.103158722542442,19.51356616941879,38.91961107965295,33.843634259808546,29.411865155492407,44.36585699662208,30.885187555475866,20.738136422579142,20.511547103042535,25.19808171239148,0.23847842215676632,24.086549623258147,28.18763205904892,35.23437654115335,21.295082914360602,19.545529185954546,45.585207688075506,45.22338641180887,44.895829885480204,62.02602227542063,47.45549049941924,51.3873661109838,93.06137460444526,38.25969926908308,32.59729302481598,37.17579428580431,61.637814491796604,34.18533290321574,41.39777217460646,37.971362325063424
Huarocondo,27.03589129383223,24.7116776403988,37.79040891445403,31.864427272223764,27.150655807657504,44.536350010058676,28.118909927343637,8.526604399944672,11.039132419740067,17.096885328131425,23.742231116243254,0.17881573587049007,26.43820052892625,34.73259679653787,12.512939470069297,6.77773223646417,29.22013557752526,33.60770713923618,31.59616537796362,39.02752820922707,38.64097041258061,46.86481400450957,69.25609773140738,15.865504977359784,17.005882529199315,17.675699001959444,45.09282932828296,10.916315546128638,18.50643702070483,17.088664459842192
Limatambo,50.205458707308374,43.13306813335863,60.848898832609,54.94601396298848,49.96328279180017,67.29680067175882,51.25396959750999,32.16014728138543,15.61128541481726,41.182788171734984,28.157308403136923,26.372898047674806,0.04308404755711286,8.503910756054728,35.80381412185558,20.45712300872892,55.57440507173071,59.80160972583752,57.95481129195786,60.16767631542352,64.40966582734261,71.61199412798027,85.38123247299771,40.45313124124736,43.32195447925193,43.79309342654787,37.29900126362391,35.15987144338092,31.307744285589028,42.7061801205984
Mollepata,59.22981064256389,51.403643344459,69.71984134501699,63.88915610309098,58.919760246765875,76.03207048329104,60.25666205838823,41.60867320578783,25.26861808578268,50.504877637996415,34.62970671882628,36.11469298405507,9.738555095520258,3.1047970747786366,45.11792525858021,30.068715881081093,65.32906947270833,69.4397797374141,67.65124329550106,69.16951999000311,73.91924363728295,80.82614521921742,92.97262221060518,50.11379495383989,53.01574634146335,53.54704085633664,39.47475959964191,44.83681207601402,39.90998452250698,52.43497243909336
Pucyura,14.785488621371108,13.037492751908848,25.616554196464705,19.641187504841835,14.775221215627788,32.31087783502605,15.869913132141525,4.121140399539519,20.597312195369376,5.327377277113065,21.093686922097003,12.723984927211916,35.89387818334331,44.36523422623699,0.060073421696858954,15.809347469048724,24.308686401413787,25.23184343476671,24.264070575713607,42.39910592789294,28.93714443945589,35.75752831538693,74.52756372422145,19.277159736182227,11.278075391849661,16.435018475643503,57.59787963370855,17.061635919374666,29.531665262599088,17.829968047837276
Zurite,30.582983746334808,25.674100356592685,41.39770361963733,35.42344231086187,30.48867119576902,48.03929512830882,31.660968650029982,11.92688799715961,4.808803488035821,21.08438014157451,19.327616427738285,6.897213205159611,20.415216690412652,28.86269992825739,15.799188175653335,0.08617230150203836,35.769931485645806,39.44225919775634,37.698871091041234,45.44455721266825,44.03334494298761,51.5190371272412,74.92796179925647,22.653111627064465,23.076702956221663,24.44618759977448,44.483760434867776,17.558036307857666,21.946247791143623,23.948465901372362
Calca,21.90492782691326,31.33055112541274,25.985547423439602,23.311867040183635,22.896307907787428,30.932677624494424,22.17486389100773,25.975272191932618,40.24388424773468,20.698331875537665,45.34690547498455,29.249165142825834,55.59313864934375,63.76379485918469,24.35032055987042,35.689535681897915,0.0,9.493134748934539,6.122816564873085,26.01333719225285,15.89550838510166,26.51236329612203,57.764908033492205,17.279615566320327,13.290577002720564,11.9907699783883,64.45792028678393,21.671958440723298,34.053558830351925,13.825996599993752
Coya,16.966186963257186,28.024197300622422,17.61348557773476,16.513318313181475,17.956969513719287,21.787736199026668,16.78478096934488,28.112212861753196,44.18120425665719,20.298685899469508,44.95523518272564,33.6767440480987,59.81505850660866,68.21745766149918,25.26141595257675,39.359122955409894,9.54004701944618,0.06177495924711077,3.4265655958478995,35.17026071123686,6.456646870040799,17.0308524493427,66.22525938400753,25.049606435490816,16.617632389813163,18.814717040191027,72.6550805734054,28.485364000248122,42.00020428274038,21.300976182258466
Lamay,18.095472410785337,28.642577267974822,20.379660772709876,18.494063742384572,19.107954934282738,24.969815861254645,18.113590719530567,26.717921476279248,42.31851864714446,19.655800698045333,44.59533734707937,31.592643381713124,57.91184390751402,66.25544453837621,24.247835961462833,37.55817527249858,6.109856385412025,3.403081270619725,0.06757439237882534,31.918715193587936,9.877416283244244,20.472143787375096,63.26439501703993,21.947710996361728,14.569773267218242,15.87095222784895,69.52895806768353,25.655060770606678,38.913203810273004,18.23795776648126
Lares,46.39949418090496,53.425588856936834,51.92854920538367,48.758320457441215,47.29846288380468,56.865163299251144,46.929844354667544,41.43916712545195,48.02155490826384,41.36945056019943,61.66456631827081,38.78020136767534,59.99531613833535,66.5233669788911,42.29230068025273,45.20497805321136,25.98257227272218,35.099721044412526,31.894681304947802,0.17666722256511527,41.021198716092606,51.37438592913011,32.63829743896513,23.63121149670826,32.409683027153946,26.099723663335872,52.39453114101951,27.997727920104307,29.26644670623959,24.452110318420583
Pisac,17.611053798666696,28.950594346835366,14.20965910198661,15.359933630692781,18.463044060108416,16.777353876808572,17.048698312039825,32.29081347852642,48.80814133807694,23.672769944041267,47.22294367542694,38.703159099919,64.4097397374498,72.86744539533221,28.973343705001444,43.94092402736912,15.852435429500003,6.450928655389796,9.807938693102386,40.982134889383694,0.04308919584874585,10.660216889082902,71.34017313778416,31.281667344474194,21.929909497970108,24.9459430353556,78.85234590537965,34.44307929731761,48.181988339725606,27.515371548015516
San Salvador,21.94713946510373,31.969251284326255,12.777731020452212,17.66303292981784,22.41286949642837,10.120000811049174,20.986177700685044,39.83349864674092,56.54192220501122,30.689135427193623,51.25852864231932,47.264031849541645,71.85918794761682,80.32312360982496,36.042277650256636,51.70512451655056,26.965674198527196,17.51762188348508,20.895857759521675,51.84459349623417,11.0720062961508,0.4808274311163703,81.4565711282808,41.82297166267375,31.41528342876264,35.3882384586466,89.1491406312454,44.4962668709369,58.53137503597858,38.057733901431746
Taray,15.721030932638909,27.072425569794223,13.070902214424327,13.67291419137845,16.58848986341873,16.357415100673713,15.18833975577378,30.423088970916183,46.97861440128019,21.75462468723226,45.28440929290011,36.95377159574362,62.56702534601476,71.02940228617821,27.068522248396118,42.10904516036467,15.250163296983098,5.7688956327803,9.127566715298837,40.81609949875376,1.9610424874003407,11.497912127547984,71.57718993240529,30.026881185615437,20.29873210306498,23.633728987305396,77.52219876092008,32.99949302741281,46.85798710526922,26.256114507977035
Yanatile,98.26931341127207,103.13772715451198,104.93944646206599,101.26210280250474,99.06740129327011,110.11641087593388,98.95808832521796,88.10517072400151,86.27399230740306,91.33370297520915,105.34917998148912,81.82216445373139,90.50891164457845,92.83321873826816,90.44240055912553,86.05446283838675,79.18456761828071,88.40548802606794,85.17446152156052,53.30206827750248,94.30945751086834,104.5642099367825,28.00439478653544,71.58001420315584,83.05616703695465,76.52292586715565,59.04590950632002,73.46886881749563,64.17024631232044,74.1115500493531
Yanaoca,97.7517370569333,97.53629997867043,89.26923428923102,93.81785267317206,97.19182618661394,83.62307587487545,96.84135729568987,113.78803286718986,126.15425329507516,106.80886033285753,108.29771626410069,122.39269262422604,136.49049860186594,143.18304138131614,110.04972661348373,122.73726322252101,114.50253461437585,105.20564557208573,108.46008684742009,140.30519368289234,99.34053744320228,89.32027244390308,170.22898210920087,125.27102194793548,113.18288482243787,119.22497200596867,167.08516613084524,125.64355491716671,139.33033639097707,121.93163556906826
Checca,123.7074423814373,122.0595172720667,116.0167195216172,120.11871943814839,123.05417567880731,110.78185960399605,122.8702668805826,138.47305200245853,149.3794261731532,132.23393672371958,130.32443788313762,146.87619475687268,158.14238624150605,164.10701052261592,134.95105886727652,146.41652409521004,141.7023760393354,132.5774715794976,135.7519999289836,167.66766642900456,126.9388529471899,117.20105756909498,198.17293976577457,151.31646534428174,139.24425694234318,145.4981745162668,190.87376806245547,151.19363442768372,164.44544423524653,148.14693435458503
Kunturkanki,134.48699973463422,133.18682361638292,126.51162101034427,130.7829252285099,133.8606107175088,121.09266814627739,133.62628826706032,149.58953452458783,160.75139546612797,143.1725272306764,141.81239841206366,158.04201933161474,169.68429638413653,175.7002068577452,146.0173753023077,157.72080958546832,152.0224827851684,142.80294445232946,146.02153151793758,177.9179052736392,137.03281241197186,127.1061979215878,208.0519575162423,162.0984691103462,150.0097456622732,156.2002782901078,202.1936209520406,162.11974228223045,175.49207917835753,158.87096445588836
Langui,127.23075894454972,126.78484188609872,118.73775280378473,123.30663379267305,126.66426164547755,113.03194640900055,126.3240229113162,143.0974140796842,155.07762814383875,136.24133643642182,136.7333054947541,151.66725578569807,164.8401717317336,171.2299935173958,139.39911484263035,151.79828998397235,143.8641466327171,134.52405595555422,137.80080997448056,169.58747694787192,128.57737014866018,118.42526803457007,199.14797709647874,154.75889426030363,142.6699625454605,148.71262031264942,196.2282086105562,155.10130752511816,168.74002175929198,151.4200672988684
Layo,140.4486954502047,140.4358082332779,131.65337249255015,136.40238255010198,139.91805202315183,125.76342475142114,139.51724853243576,156.67991578960655,168.97125894159555,149.61969529817216,150.82319277548692,165.29005836275294,178.9660847970821,185.43357866772604,152.92875476522292,165.60614690495947,156.4279833191899,147.01645876958173,150.33089179076222,181.95535210140807,140.9409684033384,130.62634539531155,210.93121441976925,167.8699212811266,155.8038083606349,161.74220026622885,209.97766344103252,168.39890310635022,182.15990451599092,164.46781651561736
Pampamarca,89.82869261405429,89.9559281687224,81.19352797921924,85.8267376746253,89.29052328369436,75.47743442122224,88.90381577185933,106.12688767927776,118.82323244064999,98.98863269006708,101.33866485610022,114.76238568337389,129.53499764010843,136.39888385913991,102.34495254249941,115.30111310668075,106.32856024901498,97.01136993404728,100.27558105315339,132.10039410939422,91.11929905129273,81.07263991847708,161.96954916864965,117.29355036682392,105.21510081096359,111.2085004277561,159.55004953155316,117.76777806389349,131.53181299628775,113.92389465760915
Quehue,111.46585523087896,109.8405491739209,103.82691957660558,107.89215496911234,110.81050594800156,98.6492356632684,110.63100402885073,126.2523637064959,137.2832462346833,119.98825297128272,118.35355337662322,134.66998709082742,146.25917024307088,152.3463703557585,122.71945325307654,134.27281288670392,129.55515553951176,120.4646711921321,123.62293744212893,155.53617319975535,114.87802948791399,105.2281319316107,186.17226816954175,139.07350119584336,127.00312117466443,133.26361758933257,178.74110501891153,138.94772179803593,152.21165787069785,135.9095653214483
Túpac Amaru,90.21657902969655,90.03005043482837,81.77194614489846,86.29309270956486,89.65501220091024,76.16898653252122,89.30773497226812,106.26768318327836,118.71911639674079,99.27121155070982,101.0009225401563,114.8783230132016,129.2001539412982,135.9704334867726,102.52253203674293,115.269579949045,107.0688971112847,97.79667009958673,101.03870352348456,132.9062110089609,91.97459959279216,82.02408394698516,162.97678321950028,117.74210095765544,105.65276939793321,111.70467069794157,159.59379292547086,118.10540214558073,131.79423805234043,114.40904234270222
Sicuani,113.90604262517701,115.17177045089545,104.50998682263153,109.6039740556497,113.46852459578044,98.31839535300817,112.92170211800723,131.04937540810843,144.4624608679016,123.42614465252494,127.54401560458203,139.7367820215532,155.69816223106773,162.72614264940896,127.15541663246259,140.74384358702602,128.53474595304476,119.0583110694895,122.41318907626604,153.7087071389617,112.83037421237633,102.35617444001912,182.03026114289125,140.91772703542435,128.9636678423408,134.64658380608455,184.65607171969202,141.88060802994255,155.89776252157714,137.39681948929194
Checacupe,80.16775746884643,81.65065328975373,70.83989541562183,75.87859413359357,79.73061768909511,64.73992360880189,79.18440476041725,97.39714220483458,111.11891470441603,89.6984001439717,94.88583734815839,106.08948850309518,122.87313131047016,130.16667211712056,93.48032908029879,107.28356073109364,95.22947676641998,85.7952954395748,89.12201220188336,120.70186499141313,79.69139610285414,69.37740167991026,149.90170371578117,107.23095802687627,95.25261034129029,100.98757968619286,151.01374086471301,108.14495669683181,122.15989307828926,103.73350823415574
Combapata,88.10488068745094,88.9791029197727,79.04770407400302,83.92975551956,87.62377014529001,73.0865571263774,87.14484252287515,104.94799811520484,118.205576640747,97.4893307603285,101.32354910860332,113.62499412469093,129.45777098225219,136.53991067860636,101.08710006851672,114.51554031921097,103.73871156168263,94.3367881720761,97.64520597132362,129.3204021027108,88.296638322233,78.05537172410318,158.70435796462675,115.36437071818536,103.33470344209273,109.17856825537153,158.52336627493668,116.09888353051436,130.01892258847758,111.91478878165618
Marangani,128.03110869674813,128.82522341179995,118.8294990740585,123.81282048575844,127.56012580688316,112.72917902187343,127.06412663583336,144.86524217526951,157.86777789759094,137.43859431006197,140.42618285060024,153.53430548257077,168.6250907662281,175.43464902826503,141.01928747192161,154.2812639092782,143.1008527891632,133.6372339046712,136.98288070669346,168.3729759710369,127.44647847719234,117.007184580621,196.81259617925593,155.2067591483413,143.20641033052098,148.97757114458634,198.4084001058783,156.0252829578164,169.9650629075765,151.72183616819757
Pitumarca,79.67860307573244,82.04177840947307,69.92032187532345,75.21813764828681,79.31550167598874,63.57682115810791,78.6615700653602,97.41847662787593,111.69677877822386,89.39825415689289,96.24539987865398,106.10295970145346,123.98812156116091,131.4848377250162,93.4375394861264,107.69391385251964,93.55428215194101,84.0699375703779,87.43150569944645,118.68284707770209,77.81788122689746,67.33139039872341,147.2167336708608,106.30325453605332,94.45312702082536,99.97164665586416,150.96475271428008,107.52341976449772,121.65562645506051,102.72771113102709
San Pablo,104.71412702409322,105.64802923823908,95.52811296264191,100.49474200026793,104.24616737493332,89.46275543170991,103.7460796365885,121.62301819097772,134.83099103885272,114.13804592206813,117.74806116037094,130.30044820489977,145.9185815886619,152.90195341973396,117.75949594039938,131.16866559471939,119.93804647073024,110.49314359138215,113.82664111174213,145.3404641836025,104.35491388989469,93.98184094403526,174.20521574597103,131.89523419669078,119.88989266602118,125.67497200771989,175.1984723651833,132.70791658896476,146.6570363054601,128.41754697332217
San Pedro,101.33978553646723,102.18625258646571,92.21758487986189,97.14506393440767,100.86336608001196,86.19321361918878,100.37655739510322,118.18354715954537,131.343919094061,110.73548675098218,114.23530573212732,126.85776975519849,142.40726898367382,149.38715100360346,114.32810687514107,127.6935189745444,116.7370876645871,107.30532573277392,110.63090078618804,142.2030706779485,101.19803987733789,90.8631288170321,171.23146393706278,128.56407168137312,116.5461553657126,122.35965108674593,171.74818870737266,129.33431732080567,143.2633908895594,125.09947262497167
Tinta,93.32914203480446,93.98912791936537,84.35680499158349,89.19159323185558,92.83404884997195,78.43330103991124,92.37701623210106,110.02950228316418,123.09886080710191,102.66036387205251,105.96064211970454,118.69632575044142,134.13230823812967,141.11651079358316,106.19119994678489,119.46936980662974,109.11666149264487,99.72181413167642,103.02646964207369,134.71674043042015,93.69272091266846,83.46051186065655,164.11040985650308,120.64156982483767,108.59903339521404,114.47443716554037,163.5689068768807,121.31819037085207,135.2019219721277,117.20720914627681
Santo Tomás,104.73495461878242,96.64960809477311,103.33457811618167,103.85510057479624,103.74827593453668,102.03189387584847,104.47896963311855,110.26595405200743,113.23437571196376,108.71506318121436,93.17193098035209,116.31815522039571,115.07855176092268,117.95165657139363,108.39985160908714,112.53897352561388,126.63763504568351,120.34833118832314,122.36463830288241,150.17188675605945,117.50583615278072,112.16131081246067,182.66039730045648,127.67445422128844,117.6657428370285,124.02716259757993,152.19544910371985,124.97457346376412,134.28254058461127,125.92831153969672
Capacmarca,54.601391029004844,47.39962767602043,53.05888706216219,53.53095577825637,53.63090760097838,52.20044625239656,54.28638046463568,62.39799943696023,69.09975795852098,59.43557353833085,48.88643770699424,69.56327071901565,75.55385886310012,80.94815425636249,59.91959996950276,67.17301591640033,76.4604992503819,70.0056968369823,72.05417751379711,100.60473357739086,67.2449834085366,62.50807124097013,133.1560881966377,78.95379731071162,68.22131128912812,74.71372185787641,110.44039972584113,76.91705477798592,87.89386491669883,76.82105127446609
Chamaca,88.46235340479596,82.89253400191915,84.39205202345524,86.38659499317201,87.56921202419029,81.52582786626954,87.94242242110964,98.51752632674948,105.70489827361601,94.66770299884234,85.44416235555549,105.9670330472533,111.54895192613375,116.37140519429656,95.7675607024814,103.76868232705536,109.69440503639625,102.05018347153636,104.59631678228443,134.93004378310107,98.0370850541057,90.8918759041002,167.31565152885514,114.41424071441352,103.12070777288724,109.67466351159607,146.9645658045737,112.81096718227893,124.28671704316884,111.97258570205244
Colquemarca,85.71067647950058,77.9549908449121,84.11266975084112,84.71253701268245,84.73136182121338,82.81376590534195,85.42449327688006,92.07668658862535,96.26716679077516,90.03728234155722,75.950262593163,98.52287654209944,99.60895291852466,103.34149048501446,89.99945930669432,95.1727436986016,107.59751782691241,101.17648316668834,103.23539233190596,131.4267191387154,98.27986492113857,92.96562661342283,163.95936459278934,109.23634381782165,98.94061538165946,105.36089270272639,136.2834643914817,106.76833629958222,116.68641073474197,107.34336456011019
Livitaca,93.90408543038966,90.24202373242044,87.99718551590469,91.04756365621951,93.11340292809018,83.94591632817162,93.2182710398393,106.48801568900181,115.73240031613565,101.3664450793523,96.00354096259402,114.50983904642888,123.28158629173937,128.81529090072328,103.30576295203282,113.21890884702965,113.94293570382213,105.50342164389956,108.37806866135396,139.8038904351155,100.68279789132299,92.22753545040436,171.62616930577184,121.02397620767401,109.21956491453598,115.71064341974018,157.33327939690395,120.13106722635119,132.59285462000162,118.20406977319908
Llusco,92.40457526149065,83.94602388181575,91.63204828481535,91.78564583413296,91.40746251037922,90.7946459140266,92.2036579592384,97.23423282420192,99.93464475306115,95.97511267969684,79.90843852179111,103.147161903619,101.82200176560052,104.82121570550474,95.47343018744775,99.28327457507392,114.29842581407209,108.34247867230182,110.2239829420743,137.44287877071804,105.81822903314693,101.0630713362703,169.87352237594106,114.74702207898501,104.95269445214475,111.25701142106917,138.9092988249343,111.93521032370029,121.05551374435025,113.09543284110877
Quiñota,89.98166209519565,81.26154717584296,89.60180083174973,89.53394543451579,88.97895020213157,89.02481167677107,89.81807691269304,94.2409249053905,96.5385150742304,93.24659208268943,76.6131811343899,99.98848644024594,98.14227699233317,101.03342104013319,92.58458108724268,95.99400078108059,111.8433825576887,106.10602938123684,107.90178188117333,134.6925822931432,103.7725731302935,99.3452839975017,167.06466675591903,111.84312275609324,102.23693275528309,108.49036492420504,135.27473662762063,108.92461932004406,117.80857876019442,110.27551151383592
Velille,110.81394164514998,104.53112924376828,107.24174791917635,108.9848308656532,109.89339760974205,104.56139655085842,110.35125081003147,119.65768974934548,125.3525036198687,116.48526397989268,104.96019845594881,126.68603871632122,129.50700434341317,133.4343893274427,117.17085014237618,123.88803426431963,132.28820319505527,124.86102531876362,127.32659465603705,157.23849662969798,121.00112109703694,113.99801917852271,189.72281145298814,136.12365458927528,125.12714095848708,131.6641953700842,165.91566311901354,134.18035105244394,144.99647864469634,133.86610197570653
Espinar,154.51941427995493,151.32683337349994,147.84616765376796,151.377429861103,153.77123711374153,143.15927860890713,153.7782076492588,167.60518088523037,176.66454581701194,162.30888909695807,156.72219466865977,175.6397615404271,183.47507950489677,188.49065567852867,164.38777598628627,174.27020889067737,173.80810727607457,164.98668230544632,168.02927177278576,199.8098267615081,159.69396641074877,150.41440111158204,231.06439932198353,181.871326613913,169.96061376587053,176.39685661346715,218.21841412108586,181.14857258938275,193.71474436811422,178.94536069926605
Condoroma,218.0876287295225,215.01759830969556,211.15982115245956,214.85319360805798,217.3538965802141,206.26045094866532,217.32888613828547,231.2933842966189,240.1552637214263,225.97239939067748,220.09739229747794,239.30939638983045,246.47784542457634,251.1588185913783,228.07827624315124,237.85229817533366,237.06101556818356,228.10557438250896,231.20804735633462,263.07409414716824,222.63958180596478,213.07912924310182,293.98899439257957,245.50056389160042,233.5593279126037,239.97232604033093,281.6459833323465,244.82793051085034,257.40120490041693,242.53910866019345
Coporaque,150.69372208081418,146.64321602158566,144.74287564693452,147.860969575373,149.89345924336394,140.49207821442337,150.01831787175246,162.716343913941,170.79662048361797,157.98121499680897,150.60825109213917,170.5015475075054,176.7131370915469,181.32056988539637,159.6867945182516,168.68732669354955,170.7122436878122,162.17384632885503,165.09673169399076,196.6039087825254,157.18814093192262,148.35965463383005,228.33410080977865,177.69554635850284,165.95954140126173,172.4673054126542,212.15545612389153,176.6229277228905,188.73542696144625,174.93722162047905
Ocoruro,193.77532552835603,191.45346344433855,186.33763559058727,190.31681602809044,193.08814509418062,181.16451943941863,192.96833881057108,207.83766035049126,217.65209287048793,202.03595682801307,197.92479753992902,216.05933081596976,224.9907666820645,230.18489253925162,204.46347576191675,215.05514481619363,212.07717814610672,202.9666113227618,206.13680377269733,238.05199057103286,197.32122411317928,187.52904924121856,268.5053957011349,221.33978271995167,209.30610408387574,215.6281600657836,259.2586636158023,220.97925361284217,233.9304941042142,218.24869722152943
Pallpata,173.83362498923887,171.60613338109826,166.3739694566008,170.36104183236955,173.1504322282012,161.20547269654915,173.02307768305337,188.00088300787058,198.0084757783382,182.1305800648294,178.38499876559004,196.25537891779373,205.62000335375154,210.97032874575234,184.6021772778835,195.34462310460006,192.1158345518206,183.01133811093095,186.178353204497,218.09309049638443,177.37869868420006,167.612567060845,248.5894895640976,201.4062439003199,189.36656080318528,195.6808784804432,239.6166338049581,201.0796097949133,214.08123103332062,198.30492906966322
Pichigua,143.19216716918638,140.47613083910295,136.1921881450249,139.90567448527764,142.47224323927566,131.3301858709476,142.4197094592251,156.83259596876923,166.5040799523098,151.22714494462613,146.79590778586365,165.00049713229177,173.9661900503673,179.30594077043605,153.51200484640333,163.9209842451648,162.1013370517178,153.17514888429403,156.2623596240127,188.11466144819147,147.76899448937584,138.33854593545254,219.14445277278145,170.66750559101817,158.6886372301516,165.07600400255004,208.11060108600483,170.13602159455976,182.9416232684616,167.6598248176065
Suyckutambo,169.81747410374103,164.56022908277373,164.88906657809963,167.43640675154316,168.95308914594008,161.21939217288235,169.24036226436266,180.13040947440467,186.471777357313,176.30707976906078,166.08221369406303,187.43286067185727,190.63180457182312,194.35130433736467,177.4279795462294,184.88679654598033,190.6366687433016,182.52627440857475,185.27501225578249,216.2056374980714,177.9563161050134,169.7235747351779,248.3983954318082,196.06439753187138,184.68522023077446,191.23860700272652,227.10981151447322,194.47257643137127,205.76380480582324,193.5745180040135
Alto Pichigua,160.68338729220008,158.6379384210979,153.13030878353825,157.1672592683822,160.01056654477188,147.9217452387102,159.86319272418322,175.0448243427015,185.3131648217592,169.05909632031032,165.82706398104506,183.34639631698565,193.2406950875968,198.7578380400297,171.60789562326946,182.56462411011702,178.8403003483334,169.71731124400068,172.89229585800265,204.80794636754396,164.06544835021145,154.28063019910402,235.25770510751707,188.2730791279813,176.22009021475122,182.51288198152835,226.90916160379373,188.01581911777862,201.10012003449782,185.14651215964014
Santa Ana,106.06830522111262,105.6403120104194,115.84032998825707,110.47466265849232,106.48684777384021,122.34965300948838,107.06729089240123,89.31720154214797,78.61468047012676,96.54077424710022,98.68157230148101,80.75272738191498,73.73018950441191,71.32065775776601,93.05623881407185,81.18005216702888,94.77394453620485,103.8956187236108,100.58311180728452,75.33741916768314,110.38140163091497,120.83158362490425,69.38600074470851,79.71896114012287,91.31134386208619,86.16038797862078,37.136794645141364,78.17006043749682,64.0615985824731,83.41998318867827
Echarate,105.33573571824766,106.67626405021564,114.30322810632138,109.37921916152234,105.89237218375337,120.50085749920619,106.25662042832562,90.29415614730387,82.24800858955973,96.405901562275,102.64049505602456,82.17434181429859,80.40438794834405,79.60169921677131,93.68589183939014,83.94369877100027,91.10780197207539,100.53826985400528,97.15904598801632,68.72871350024768,106.9961522562614,117.60665131606453,56.647116763189906,77.93131662587706,89.97205457252713,84.15675603696573,43.27789806553365,77.47863181888194,64.19989773742266,81.40960509430207
Huayopata,84.29634217454425,83.87115935191686,94.1509419753172,88.73412759505271,84.70334258606586,100.69966729405712,85.30122860051753,67.52659873997888,57.346025345215565,74.73891864110557,77.61387080640561,58.98670365473768,54.14605626780044,53.185170153763664,71.25141827060088,59.654051094307256,73.77256083935164,82.71095150503152,79.4436096569971,56.43962711392786,89.17053514452653,99.52197331073022,58.211700992224344,58.212678578437895,69.65041765807035,64.66803488335962,16.90393846754339,56.4523142814783,42.29467106018948,61.94686182873343
Maranura,96.3644321615458,95.29537199396843,106.40266284541254,100.88779656412224,96.72568638825929,113.00623243933538,97.38783615557266,79.097865395915,67.66995171288066,86.67240707935143,87.56986807925826,70.45316262309905,62.2602199476912,59.77732906309275,82.93083506304825,70.45288009138761,86.51222192299305,95.38260470891599,92.13534318174513,69.1059085852956,101.82590865014534,112.12190805423593,68.15739781999525,70.73482715379252,81.98276031770828,77.18900173817778,26.062113613463172,68.71776482030968,54.488774663404406,74.4875226736074
Ocobamba,87.76273961446856,89.72823822084531,96.49191767371781,91.68931412890014,88.35789898336898,102.61129902916724,88.65688739585981,73.46601313889816,67.0264525122955,79.07708905902444,87.28247557479595,65.66383404113381,67.58331100798702,68.33321923219212,76.67335386447746,68.14113174726786,73.02751889212509,82.47188121704652,79.09095884242254,50.78046263834186,88.9205402630069,99.53461386187627,42.99752025968751,60.222178091365144,72.30614302485877,66.3546884921314,32.5466278399897,60.11705682860261,47.400361268001156,63.621244124662674
Quellouno,116.11870534686938,118.41595335522224,124.5018964810804,119.90185981970137,116.74951933966864,130.43931312597317,116.98343733711066,102.1811517120436,95.39241826594775,107.63399918571969,115.73700578280463,94.38322445891251,94.52502685033937,94.07070843587353,105.35508979782382,96.72343364356978,100.21137540060664,109.70450751280222,106.33034503501077,76.13044894871483,116.05250956040865,126.64749432258822,57.756599755290885,88.50895961598582,100.6009705657861,94.4822498895083,57.64386536430812,88.69246025432903,76.12537799590486,91.78292523607807
Kimbiri,219.86431716872355,215.92980493158993,230.5273556076005,224.6626825844755,220.00277620902972,237.2780231048915,220.94296522449298,201.2179897018822,186.2257672124661,209.9086913003398,202.5103773620961,192.70232245301384,174.33983299654943,167.46605751267148,205.27935888488332,190.35822789302972,213.43197621666692,221.85210529562718,218.7441606678807,196.7392911240264,228.14534109639763,238.02219806104824,189.23422160840016,196.83406548039378,207.05514802816094,203.16586613919156,149.26400907693255,193.89276759509067,179.93043182856417,200.59498446647902
Santa Teresa,79.09121766433634,76.8165478350113,89.53405582599606,83.79124160810389,79.33843785623938,96.25293281766506,80.15063125620786,61.011392138128585,48.25912283917305,69.19132384980985,67.7910674167695,52.32195598870054,42.088293462052455,39.852477381067914,64.98564323073668,51.44372816047989,72.2725403245678,80.45450218313272,77.39818552115511,59.698490964867446,86.70764892620298,96.57055219408285,68.312445020337,55.427438884020404,65.66664719099394,61.72257786807077,7.82294206619594,52.4524653667975,38.48663418731598,59.177014835793436
Vilcabamba,114.9446985649011,111.09397175783593,125.63972616206112,119.75438776660864,115.07048900543332,132.39221035917734,116.02514101029774,96.27283392606188,81.43645068271283,104.99127669675829,98.6319884627731,87.77064523940152,70.51168098201936,64.55908073406306,100.33475869962191,85.47113306373807,109.79091788027458,117.7577499066438,114.77650477479,96.61878006159365,123.9083772726566,133.5202929542938,99.29049476585558,92.78113733916817,102.45853928556589,98.96570664043192,45.39642224321637,89.4546702767666,75.81907716764766,96.4970872659341
Pichari,228.9712464457122,225.40225449386827,239.5631068802435,233.74088032402153,229.14442861179973,246.304835846902,230.04478364179485,210.44285092655858,195.7406059580468,219.0196254192046,212.44768174817486,201.86651218214115,184.24950615354743,177.56707434509113,214.49392412283234,199.77156943116017,221.76371286902142,230.34658692887896,227.19038653058826,204.22584134431935,236.6944854495029,246.70222794583964,195.12621641388122,205.3754805987437,215.8482984851007,211.75378906374146,157.94682477881005,202.62118531164705,188.55110986805678,209.14446822055226
Inkawasi,141.31918949263672,134.5754009646213,152.08976555984358,146.1339592280013,141.16585356828483,158.6405662183966,142.38964049716765,122.6580086688579,106.0658408167716,131.83047901805656,117.95556642103139,115.2138963786901,91.4332212951047,83.28082101561753,126.57622057678577,110.82618330947285,141.79723480417485,148.3105446380326,145.79290744262914,133.93389367376258,153.80506171959624,162.13869165306713,141.48587970786411,124.57771180441085,131.85807300647025,130.01738115801797,81.48490369101062,120.19978617537832,108.49053332570561,127.97423794789351
Villa Virgen,175.45791906019582,170.13571715290863,186.27989842990334,180.3137504223532,175.45721857650526,192.99396260159725,176.54398272623214,156.58258676680677,140.63684169324293,165.61244544065258,155.08161658748668,148.44385865273645,127.33996129939104,119.80558266646945,160.62910823052258,145.11844795666659,172.2815204344398,179.89360809163657,177.0314558060399,159.56485707975057,185.87451078792495,195.09987511792826,159.3771078530854,155.10539556050745,164.09445144362746,161.12306279377884,108.21382491727589,151.43042901103516,138.2279863496313,158.76041961182645
Villa Kintiarina,180.30404634418016,175.4454243597039,191.09554552563378,185.15094789638718,180.34965221605373,197.83411916847157,181.3899460683581,161.46155942390217,145.80569098186135,170.39974774432199,160.96790275143252,153.17293086360394,132.999037664952,125.70851949000249,165.52322683511125,150.1757807545388,176.09358773316333,183.97135827554385,181.02680047120924,162.1867954187465,190.06253505706488,199.50954358792646,160.10580174619807,159.03971966797224,168.4431002188738,165.17429085881318,111.70644431292143,155.58209799586803,142.09019250833117,162.73962159707406
Megantoni,225.5987514451516,228.56920628844966,233.28101189993023,229.09297821927396,226.29282341305625,238.81901987928268,226.4040958685635,212.42557218450426,205.47215283840083,217.52571923085762,225.85989061208724,204.7041908859614,203.0924250506351,201.2438340638673,215.5076877014323,206.98790761025217,207.97333576924322,217.34334227330322,214.04782220164142,182.39470705181583,223.39777328078824,233.75716167082135,155.1578715717519,198.06119190229356,210.07237918315178,203.7458420343182,165.8516363053969,198.6791564768664,186.42390307329137,201.1240002856837
Kumpirushiato 1/,164.78752450472865,162.77906304069336,175.01206220906153,169.3999836036125,165.0907741242818,181.6624804868827,165.83022588232518,146.96143002897014,133.83513922094082,154.96686109511145,152.45309666929677,138.26802211323206,124.81505113725986,119.59881897963957,150.9117484519375,137.2983499144574,155.2286998947012,164.17681511705922,160.9133709719481,136.11486614443183,170.63031634253306,180.9425702848112,126.07947192051056,139.5512610099462,150.69958855237343,146.0038542213463,93.36542241718084,137.40943323689282,123.17252398150957,143.30633136694337
Cielo Punco 1/,192.7260052473226,188.30389778716085,203.46850398376375,197.55522571170073,192.81535618038745,210.219152003117,193.80965361378338,173.9547244137258,158.60162487273305,182.78631762397066,174.3438595571415,165.5464939030065,146.24657866035795,139.16937273122608,178.0212015537185,162.86050203056868,187.4913897144467,195.62541454161203,192.60286304953797,172.32507637139216,201.8161074430854,211.46899072531932,167.94233548255605,170.6135432270028,180.4084107689499,176.8493029477299,123.04439437512139,167.3870168171537,153.64971773580766,174.3481443183458
Manitea 1/ 4/,195.22388772236147,190.83982244659137,205.9609360015442,200.0510547818909,195.3171835848046,212.7121335467333,196.3072307269909,176.46088109723286,161.13508684570564,185.28197589625964,176.91895745734718,168.04299269017142,148.8149416084109,141.75189305625645,180.52734936644052,165.38435179245556,189.88894891608493,198.04844604422462,195.0182694167251,174.58560659926232,204.24852655890783,213.92104243701806,169.91723419567143,173.0322038309844,182.86464197784167,179.27720030405516,125.45135962937442,169.8294642315135,156.07028557102922,176.76969725302502
Unión Ashaninka 1/,250.40894968788257,247.38989356012314,260.86981896081625,255.12458694376483,250.63386932258743,267.5837577715961,251.47236552201218,232.1005807496657,217.8564565741303,240.48690991463948,235.1249022318643,223.45775511480994,206.94520544487395,200.5359070792037,236.12635215097885,221.73143100538869,242.03293685074922,250.84387246122225,247.62158580502566,223.2258736513447,257.25968823416997,267.44637964532126,211.55717526695415,226.021892803134,236.84549081258058,232.45044489907485,179.0023775439658,223.56072455303854,209.3783576931079,229.79067286872686
Paruro,30.762145275879075,30.120207357935254,24.497634862059556,27.513602105383075,30.07644028220837,21.45849355417636,29.968781662434257,46.216585682815975,59.4768453806056,39.31727322430032,44.05371579870572,54.85726467110161,71.5764546338352,79.1616835277473,42.44949963418407,55.679369986810194,50.35403433074321,42.14650992700663,44.88935222980554,76.1973835688319,37.89990069623178,31.27941283830472,108.09235918488812,58.33800785350607,46.29188301859431,52.63191900222182,99.69840557414656,58.25056909924751,71.76542043839467,55.23804815891819
Accha,53.020077243076436,49.50515609091634,47.811479623618006,50.36366928362685,52.21082105025334,44.6346764714987,52.365022262214175,65.86559807961841,76.35939253395696,60.441772140156246,57.649290756469554,74.09303272385064,85.75769824637284,92.2699108024717,62.548075222866665,73.39426228434866,73.51145652775533,65.48059410576506,68.16907107615523,99.17543268481393,61.22211488481032,53.993252223000034,131.27586867012357,80.07803575594495,68.2804581154599,74.78150679284161,117.84148778835355,79.26245139308352,91.97091090914758,77.26274548487471
Ccapi,39.009560348944895,29.979461737816692,40.49792086177153,39.201224411646336,37.997698381499006,41.86943809586942,38.958861320408644,43.84161119184048,49.91001841530418,42.003955864061744,29.757954457027672,50.6314212632233,56.95180309914833,62.86120236714111,41.724612809815405,48.00939082439551,60.7199945345768,55.63449429188855,57.11906492153674,83.47281603634525,54.21767897234267,52.07232095133501,115.92648596970115,60.97705465775334,50.98068371763935,57.29661319591331,91.3065895421344,58.5110063527018,68.9375369518049,59.18047949812999
Colcha,41.883075550903136,40.560698577656645,35.31247800132963,38.610456105393446,41.187516023596864,31.487607536139794,41.094750967847524,56.869248880241436,69.35176735457264,50.29735553930647,52.53829375960216,65.43683054590885,80.58035638466131,87.81701744077938,53.20339915060767,65.8041187339687,61.2760462073511,52.83621413067532,55.69145715987059,87.19333483407452,48.20502933381264,40.53737157057277,118.93928757876907,69.44074738872756,57.40700027401107,63.75724037857244,110.10163676094759,69.25373853723299,82.63358090868728,66.35943409513445
Huanoquite,18.83265934065358,11.693786959437434,21.093719697051274,19.020362049914223,17.826483990018268,24.103941417194303,18.724869660313846,27.931264073481586,39.433409612011545,23.40431110929335,23.84624511441354,36.163980249642925,51.15833333704961,58.772874567194606,24.742166070312074,35.954779231516994,40.68792466206208,35.37854707420823,36.88260774568139,64.39669621244136,34.233378236227445,33.52246365275883,96.94813645712976,43.130664082713466,32.05161447227669,38.57407424046303,80.37640860089913,41.68984706829481,54.04536733079136,40.76930398168735
Omacha,66.78849979671948,64.0806177858396,60.493790047721106,63.72259337990097,66.03966010857518,56.39449948523928,66.0531170262282,80.4838333206153,91.22151644530159,74.70209252117746,72.44885751373783,88.79619051037727,100.5033953338849,106.88418133698437,77.0723396502521,88.22857065550556,86.4648027469051,77.96073808354987,80.85593112954372,112.37951215761471,73.13372922286356,64.81021941076727,144.10183718081038,94.17233302273802,82.2342228790468,88.6650851446082,132.6877386502768,93.61804329455802,106.55239779260386,91.2171873237274
Paccaritambo,26.77488062814344,22.065139494455686,24.87385591755942,25.260829508355503,25.85610518963655,25.028835044288417,26.328057213238758,38.442153853535686,49.856305351578335,33.20626779664715,32.95896106479529,46.750464794266925,60.919938658101216,68.23312069334501,35.11003859712945,46.50312413302151,48.40082961662632,41.68353909982006,43.790140700591245,73.21891781844957,39.04371876641349,35.39029910128162,105.68419968181375,52.95279752760205,41.41595041011263,47.96805985437026,90.95440645931157,51.89075593357115,64.53684327787545,50.33013488827523
Pillpinto,54.05963738157532,52.16551411843358,47.436931586913246,50.82181449331725,53.34840210263182,43.28948593596031,53.28449224416574,68.56331620661632,80.28762639555362,62.30889492268543,62.439639630242844,77.03672934645282,90.63900896625623,97.49582358503996,64.99990645039632,76.98568975463158,73.41956060186651,64.86525096513962,67.77721831049232,99.36609962903037,60.02996414353021,51.81247719241141,131.0167478122323,81.57932002793352,69.56881351119067,75.94176476107094,121.43096678415203,81.26805803279642,94.48831687448282,78.53231231804203
Yaurisque,17.7298471416627,17.417453318083567,14.037872949412384,15.149671641838902,16.969676053588334,14.650370632723746,17.03408595516214,33.10319365620615,47.11673266326808,26.025161852711218,33.87118797179986,41.782351122293186,60.13836997690035,68.06790333709255,29.26199986123647,43.062656905493036,38.456247002151166,31.165542087976313,33.48204138073767,63.88127407480678,28.222753002145044,24.845939505079077,96.1269830956147,45.16054205194727,33.17248859757526,39.59557667717076,86.69558740047864,44.96350554113297,58.48960989047981,42.150940250774326
Paucartambo,46.990765216843016,58.09406748600804,39.98344834329817,43.74436220443748,47.737320976850256,37.50395594479118,46.270703464921674,61.57789589557541,77.67526718576848,53.309067959017625,76.84591190313799,67.0392150694964,93.30059657365042,101.6771475188869,58.51648424221839,72.8665274274617,38.83493067026533,33.50295489740119,35.39077500811203,53.91263323537658,29.732985560281698,27.461483937029154,75.15414489004206,56.04382778781685,49.979128986300985,50.723834712364045,102.20608720213161,60.49232364182251,72.47448072527584,52.66033264757621
Caicay,31.910383382330053,39.1452212184783,21.07932563692145,27.055578615639977,31.97408966851234,14.438571622014457,30.826351864292427,50.78079332421507,67.08765511495612,41.73188542763074,57.91972908470247,58.93652700628045,81.74438016538305,90.07299434865656,46.75346294732457,62.42026243234625,41.550279535988494,32.06215246673676,35.44301317749896,66.5030924296947,25.700652129672246,15.152246241685152,95.68491177460403,55.61554160923382,44.45432621186587,49.162461459601936,102.3366737837286,57.744508720710755,71.95512812049111,51.89387304796772
Challabamba,49.09637329486458,60.4516740158414,44.580991882972036,46.921826272336546,49.99371635137395,43.92104272391677,48.613014731934115,60.48398432970779,75.47714669550595,53.30121531441166,78.01505548608641,64.49788461697972,90.84264425405158,98.98194561922462,58.05938239262666,70.86859472309268,35.25278841084232,33.031561084699554,33.75522856920416,44.505753176772316,31.622928666489628,33.550710300889016,62.95609564895748,51.412938933054605,48.013768894803704,47.0944696656225,95.21200457240727,56.37662973984862,66.74441074108319,48.49804475617416
Colquepata,37.4219077791259,48.52357377949944,30.581408076520948,34.189414215457,38.1652557043048,28.606270918640245,36.69829339715279,52.353112163765424,68.63444253633098,43.92342599322678,67.286518585103,58.15545969394116,84.27043512750183,92.68674016767287,49.18104628682583,63.79615623517625,30.814116223182207,24.4759318620633,26.68906399918146,49.17193797973784,20.26194394465901,18.321144470890736,73.78281286224255,48.08376696885338,41.08485854633279,42.416615058979914,95.0419689555366,52.23948619746888,64.83605401303355,44.54610241679707
Huancarani,35.229646164425674,44.612683532163054,25.217780134809225,30.71598974187673,35.61185067130646,20.08419984813017,34.22729102362581,53.31718052949498,70.02289715931369,44.16785626858176,63.91624105710842,60.70820700302069,85.31108841416386,93.76929677796696,49.51255368397571,65.18864860965562,38.357335993632105,29.43464714984348,32.65053962879357,61.23056950152067,23.078895967030245,13.741123382786569,88.40578562502215,54.39966029045389,44.598143654147314,48.057866827483636,101.96499104720606,57.463186841507685,71.29475637624333,50.63400236477047
Kosñipata,91.95529668204,103.26539687886569,87.67586696589836,90.00724051534546,92.8830492973072,86.57663521524333,91.53861641654906,101.28582539768249,114.62874692154872,95.13290535818187,120.08962418395652,103.68265227262157,129.17714389476868,136.7584647915044,99.44695936594314,110.41321649114315,75.31072773983875,75.35805025996905,75.43233277300301,72.61337428469398,74.66754801165804,76.20443233593255,71.54979911763905,88.71753343209427,88.59896681107895,86.05490938295031,124.60899236916825,94.02051432780434,100.94053780736095,86.69144185691373
Urcos,42.79881910812666,48.21537099623875,32.18846072183309,38.00456021565276,42.68013837151913,25.466892589263875,41.71967913176856,61.53993093269426,77.33344878368246,52.75407441268861,65.85636880896207,69.97331033281547,91.37437748802445,99.52271718714188,57.473814551251685,72.83905843423139,54.19870391435572,44.7059715127726,48.08308046677592,79.17232902532135,38.37489961557438,27.836356459967988,108.06188293648289,67.8510418568039,56.39598036874701,61.4198241090752,114.05170843594291,69.6778574957862,83.9158469904607,64.16832507794541
Andahuaylillas,37.01906500055324,42.32461450067279,26.50405985318289,32.25288417346486,36.87290199483932,19.838306408644268,35.94411074812002,55.7086597077971,71.45006043948483,46.97374343206816,60.06125882757048,64.17341754372436,85.48065981820059,93.63410505496961,51.642184899345935,66.96746858070838,49.355695832122336,39.88140437471896,43.23418671034773,74.70486633472814,33.70503443869957,23.406117277140883,104.25856051238472,62.463657106217724,50.870507489700906,56.05963316537692,108.38067644453359,64.1241308588778,78.35752006596381,58.81479883121235
Camanti,136.32166409866937,146.4245721277988,127.02922043575795,132.18659007889391,136.86629629146327,121.98555995658882,135.4147020000018,152.73447474247752,169.1222358519279,144.0440254588807,165.74402439771958,158.62523048718631,184.7570456343427,193.17977786398842,149.39148720970942,164.2768906033873,130.37017925173245,124.9642559094764,127.01979160883303,140.2742954388883,120.4266774168182,114.62051942911754,148.51106718939369,147.41885739782822,141.54970885489914,142.32239547780978,191.96270489161972,152.0385671832137,163.3755555248264,144.15992803740346
Ccarhuayo,63.33250591316768,71.22403470686845,52.641705502726595,58.55224836105709,63.534127717249994,46.2936763650424,62.270184849593015,81.97938796136172,98.56241018032492,72.81206590309014,89.9835371503486,89.70980896352525,113.52316168605776,121.91083775118592,78.04577973301996,93.79588331187799,67.39758015474528,58.72835888520402,61.87735569931668,88.54909059140466,52.43346384372762,42.861097419407024,112.46774585898044,83.73850486657264,73.90677774563594,77.41862594525058,131.32497009720655,86.83215518523448,100.65475993084569,79.97768677480813
Ccatca,46.075371359626,53.5494624133533,35.27900678509868,41.24268146715367,46.20340638778476,28.764831611232353,44.99875747495495,64.88352501414037,81.32362547550163,55.761606713831334,72.24083456898947,72.86437176492885,96.0949646009299,104.44267072658727,60.89072974639277,76.61289216853469,52.86657436357142,43.64919260086196,46.96959133096094,76.21540410358654,37.16481751743,26.830855664961756,103.14865133941248,68.25789587247826,57.69285884214121,61.82621411396186,115.5458264895356,70.87333360925633,84.95583649387841,64.49094015421134
Cusipata,67.40934316327967,69.95601664146747,57.65815641990005,62.944691708890204,67.05142254985098,51.34459432481722,66.39080427919264,85.21139756642746,99.64746259703733,77.14228321217597,84.63600883656873,93.8899469210154,112.18140702556933,119.78990683141237,81.2194743136398,95.58711407231279,81.4904706838752,72.02120061591016,75.37050919188552,106.78962053235513,65.83108516323139,55.424529090317975,135.77583414062113,94.05122075613315,82.18663886361954,87.73035070856507,138.7284920838198,95.25032906884219,109.3826065848376,90.48555899419563
Huaro,41.481430827459214,46.711786641799115,30.9364314911661,36.708197116781605,41.33963634800451,24.244861763806586,40.40553970716823,60.17678747070584,75.89980328936656,51.43674777837236,64.27307225098791,68.63986340558425,89.8786854392968,98.0104674524679,56.11031546206086,71.42649553179749,53.357606486358,43.86632388944782,47.2360894954575,78.4877971570358,37.589388608285766,27.120015124905567,107.62463019430997,66.77208619452514,55.24282647410326,60.35313156377073,112.81555947147537,68.51082800868161,82.74744564758296,63.10548309912055
Lucre,29.35417842320506,35.225190256683874,18.781061750078056,24.563065342520776,29.241747292925094,12.111644527888943,28.275021802198953,48.113266310049035,64.01603513770088,39.30940555516081,53.49509956770306,56.53017610229059,78.2657585890702,86.49175252487105,44.04825609457165,59.47698171699384,42.06926256604225,32.65445868099401,35.96705668164767,67.68339716096283,26.685374083597377,16.895661483396214,97.81288910486445,54.78819146996784,43.152885313624274,48.399427693161165,100.66023249653048,56.39974872669377,70.63185109478066,51.15612633689081
Marcapata,108.95804275400559,117.12214207140558,98.38521279388965,104.23710107780657,109.21651356413915,92.14550312576863,107.91138629559099,127.37709745166477,144.05538253022863,118.21029679592236,135.87138122738335,134.7975159060614,159.19585795203346,167.61807764256838,123.51926156404689,139.24150985471505,110.22441033271403,102.42766497785303,105.29899206519133,127.70334670505204,96.52240425773918,87.84293766623122,145.67742861281548,127.2665071902226,118.43972455807436,121.19723841947985,174.6791234608411,130.89755513218373,144.20766455159313,123.5830554328787
Ocongate,65.11241483614698,72.59195624420279,54.341415101174576,60.29360040183804,65.26349324224192,47.854960205047554,64.03991008614996,83.87049258177184,100.36867627340489,74.72344374044464,91.13459297882719,91.73976520064058,115.1830365601751,123.53347551004799,79.89927710136782,95.63809392712325,70.11780818605806,61.29984752469902,64.49881820650333,91.69203884734893,54.93640710542391,45.1124621694794,115.95676180418172,86.25720191209487,76.18310188593483,79.89677877560588,133.7928588686331,89.21075012746807,103.12808573810607,82.48944067774232
Oropesa,24.995032461667495,31.963565089625963,14.207222574600936,20.144094685392016,24.993733626906355,7.46040986649301,23.90877895890029,43.86460978151804,60.05041677136023,34.89993593036903,50.7814472966671,52.13843317530132,74.61583278785228,82.92870961978836,39.81716319498148,55.41909656631179,36.83896747583026,27.423199512006182,30.735613194379738,62.46322538684461,21.48494063557279,11.980217829353005,92.70870816920117,49.75901871255191,38.247980718241564,43.34625716013412,95.94646770639446,51.52988826966947,65.76783119561934,46.100307241306304
Quiquijana,58.23154406823068,61.7198785867407,48.14801734152091,53.63373770826784,57.94775830239052,41.66747128947191,57.187247053521105,76.43863052823625,91.40463067468944,68.09037529989234,77.51976723205314,85.06687358924621,104.51801484898367,112.34624657622425,72.40275652347988,87.17661596134622,71.42568664537738,61.9395989812991,65.30287677615047,96.58192926109902,55.68732584746175,45.217509619403565,125.44457566862232,84.41709692330087,72.67570706737143,78.04574437407167,129.72185929298354,85.84649324468899,100.0421438771849,80.8029218231951
Urubamba,27.709075497332584,31.628363081735884,36.5348529995046,31.578835228669533,28.355500751781506,42.883440702865784,28.57359551767257,17.86665127376987,26.10204139315073,19.819909644676578,37.97516033050784,15.688978967884514,40.30648492543301,48.0266350233811,19.279782345881962,22.445656589741557,17.45906340837604,25.1960749366433,22.168225389232887,23.82636577891986,31.48631120920965,41.584405577258295,55.400279883201485,0.18035012086542396,12.196845973521787,6.606417309038824,47.43714966727988,5.161992624885669,16.794362034148804,3.93262821879429
Chinchero,15.742783233920486,21.430822160217847,24.593893703342086,19.53143898492579,16.446715383066408,31.06912449308045,16.568444409510988,13.169689427948754,28.14159280387892,9.43428073629028,32.86047315668502,17.427040745198262,43.72598541772358,52.07208686713686,11.813707640649245,23.40694913762105,12.806063420489814,16.300176585483438,14.251579703141209,32.09772420673096,21.72158235934641,30.925454662332495,64.62064091800802,11.940643427473008,0.5015143369670453,6.240513482891906,57.99463225736619,13.345028826800439,27.560695196268796,8.74129133209258
Huayllabamba,21.885164909324445,27.405904434323297,30.148120830617724,25.426599268041976,22.626113879186253,36.39780406032084,22.66370619196103,16.47309057149274,28.692673793473187,15.323754453035058,36.94076210170262,17.67969858189224,43.810057455892746,51.892608005644625,16.453354017255677,24.362378773376378,11.9907699783883,18.797184188677328,15.924373562467737,26.205087125312183,24.985238938384562,34.99636610322417,58.633360417261876,6.4562064026534784,6.554397396010011,0.0,53.90745648445283,9.823557766438404,23.23699481183783,2.7572096746311305
Machupicchu,71.47697246560614,69.57616418727294,81.85377207316307,76.1464250669811,71.7497218503499,88.55946348393175,72.5300220285737,53.59359011685925,41.591141070244,61.610802181777416,61.54095496266422,44.90140975555715,37.25457565265823,36.450014358999304,57.5276545425271,44.45698723228437,64.4291279858878,72.60511357694124,69.5469304255703,52.524152806513534,78.86391515045636,88.74995757081919,63.646673625998865,47.5777338018361,57.88526319504829,53.87963879710025,0.0300770310436762,44.647485684337255,30.642675183584313,51.32868568059723
Maras,27.98786583641585,29.94399175320217,37.71597019256805,32.31329717423787,28.477028701866875,44.30556700293865,28.959475663034457,14.623532587136019,20.84675660946661,18.930865487616288,33.85732728005186,10.705228073984134,35.04898600290934,42.83470971559653,16.981280137027262,17.34379195184092,21.76715093947062,28.540939819208177,25.78662070083637,28.26859336600149,34.540548660424925,44.17819513806702,59.02589803145456,5.43829426150583,13.323386222142709,9.90726178266174,44.63458432830129,0.12929070626056036,14.217364664258897,8.010401418311343
Ollantaytambo,41.96385662857988,42.43502042684404,51.87297143793606,46.40206247462018,42.38618845955281,58.47770370602244,42.965160592969276,26.072811464864117,22.412922043037028,32.50517026721337,41.19207043255039,18.292011279710486,31.296556406505623,37.34318013458006,29.455735262370396,21.85483154739121,34.017817523720424,41.94066555284868,38.92323138807225,29.436388634999968,48.18194068627293,58.11168505482761,54.6700348263281,16.927785404039422,27.48559937742814,23.197445143619916,30.710021599610652,14.195688984787525,0.04310324284612613,20.661015075205476
Yucay,24.421556531236003,29.347149538613046,32.86323412441051,28.07626449210709,25.13027354007371,39.13167129048347,25.23135057591179,17.146920839098424,27.840627682257203,17.30611098654914,37.630340614651054,16.960886193269125,42.62778921658592,50.567711521723226,17.73863679773826,23.75804651784569,13.886188473721738,21.30523507463026,18.321597507109697,24.671313178521046,27.573085560217162,37.667209017351446,56.88492007351165,3.760459674554224,8.925022174693641,2.738241594498219,51.33411905977577,7.833697908239337,20.674229170764505,0.11045305584153738
